Shop,AFFECTED_COMPONENT,FAILURE_NAME,CURRENT_UTILITY,OPTIMAL_UTILITY,CRITICALITY,COSTS,CONNECTIVITY,RELIABILITY,IMPORTANCE,PROVIDED_INTERFACE,REQUIRED_INTERFACE,ADT,RULE, PMax,alpha,In Use REPLICA,LOAD
mRUBiS #3,Comment Item Filter,CF3,0.0,0.0,11.0,1.63,2,1.0,23.0,1,1,1.239868668088823,ReplaceComponent,5.223431591174701,136.45846074706967,3.0,102.0,
mRUBiS #6,User Management Service,CF3,4.547473508864641E-13,4.547473508864641E-13,16.0,1.6899999999999997,4,1.0,12.0,0,4,1.2386040719848435,ReplaceComponent,7.3493161564669425,142.7251880917554,14.0,495.0,
mRUBiS #10,Bid and Buy Service,CF3,0.0,0.0,29.0,1.7199999999999998,5,1.0,16.0,0,5,1.1199485325266774,ReplaceComponent,16.043796642698652,76.58102198901068,9.0,163.0,
mRUBiS #4,Item Management Service,CF3,0.0,10106.45128175678,22.0,1.6899999999999997,4,0.5,16.0,0,4,1.038643202547929,HwRedeployComponent,11.496406492934385,108.42806025348261,9.0,232.0,
mRUBiS #1,User Management Service,CF3,-9.094947017729282E-13,6452.581361667845,16.0,1.6899999999999997,4,0.5,22.0,0,4,1.4816856023063134,HwRedeployComponent,7.3493161564669425,142.7251880917554,11.0,385.0,

